name,email,password
Alexandre Santos,alexandre.santos1@testes.com,pwd123
Pedro Pereira,pedro.pereira2@testes.com,pwd123
Carolina Gomes,carolina.gomes3@testes.com,pwd123
Olivia Almeida,olivia.almeida4@testes.com,pwd123
Nathan Barbosa,nathan.barbosa5@testes.com,pwd123
Marcelo Monteiro,marcelo.monteiro6@testes.com,pwd123
Ricardo Gomes,ricardo.gomes7@testes.com,pwd123
Olivia Moura,olivia.moura8@testes.com,pwd123
Felipe Santos,felipe.santos9@testes.com,pwd123
Carlos Pinto,carlos.pinto10@testes.com,pwd123
Felipe Oliveira,felipe.oliveira11@testes.com,pwd123
Vitor Rodrigues,vitor.rodrigues12@testes.com,pwd123
Simone Lima,simone.lima13@testes.com,pwd123
Felipe Nascimento,felipe.nascimento14@testes.com,pwd123
Beatriz Fernandes,beatriz.fernandes15@testes.com,pwd123
Henrique Barros,henrique.barros16@testes.com,pwd123
Lucas Martins,lucas.martins17@testes.com,pwd123
Pedro Freitas,pedro.freitas18@testes.com,pwd123
Carlos Cavalcanti,carlos.cavalcanti19@testes.com,pwd123
Eduardo Rodrigues,eduardo.rodrigues20@testes.com,pwd123
Juliana Rocha,juliana.rocha21@testes.com,pwd123
Samuel Pereira,samuel.pereira22@testes.com,pwd123
Debora Monteiro,debora.monteiro23@testes.com,pwd123
Pedro Pereira,pedro.pereira24@testes.com,pwd123
Bruno Souza,bruno.souza25@testes.com,pwd123
Vanessa Gomes,vanessa.gomes26@testes.com,pwd123
Felipe Mendes,felipe.mendes27@testes.com,pwd123
Bianca Castro,bianca.castro28@testes.com,pwd123
Bruno Nascimento,bruno.nascimento29@testes.com,pwd123
Patricia Costa,patricia.costa30@testes.com,pwd123
Leonardo Moura,leonardo.moura31@testes.com,pwd123
Alexandre Lima,alexandre.lima32@testes.com,pwd123
Beatriz Moura,beatriz.moura33@testes.com,pwd123
Ana Mendes,ana.mendes34@testes.com,pwd123
Helena Cardoso,helena.cardoso35@testes.com,pwd123
Daniela Almeida,daniela.almeida36@testes.com,pwd123
Andre Rocha,andre.rocha37@testes.com,pwd123
Igor Freitas,igor.freitas38@testes.com,pwd123
Amanda Castro,amanda.castro39@testes.com,pwd123
Rafael Moura,rafael.moura40@testes.com,pwd123
Fabio Barros,fabio.barros41@testes.com,pwd123
Marcelo Santos,marcelo.santos42@testes.com,pwd123
Camila Silva,camila.silva43@testes.com,pwd123
Ana Oliveira,ana.oliveira44@testes.com,pwd123
Carlos Castro,carlos.castro45@testes.com,pwd123
Rafaela Nascimento,rafaela.nascimento46@testes.com,pwd123
Igor Pinto,igor.pinto47@testes.com,pwd123
Diego Cavalcanti,diego.cavalcanti48@testes.com,pwd123
Gabriel Freitas,gabriel.freitas49@testes.com,pwd123
Gustavo Martins,gustavo.martins50@testes.com,pwd123
Larissa Pinto,larissa.pinto51@testes.com,pwd123
Nathan Rodrigues,nathan.rodrigues52@testes.com,pwd123
Patricia Costa,patricia.costa53@testes.com,pwd123
Eduardo Martins,eduardo.martins54@testes.com,pwd123
Juliana Alves,juliana.alves55@testes.com,pwd123
Lucas Gomes,lucas.gomes56@testes.com,pwd123
Larissa Campos,larissa.campos57@testes.com,pwd123
Ana Carvalho,ana.carvalho58@testes.com,pwd123
Patricia Barbosa,patricia.barbosa59@testes.com,pwd123
Nathan Lima,nathan.lima60@testes.com,pwd123
Daniela Pinto,daniela.pinto61@testes.com,pwd123
Carolina Rocha,carolina.rocha62@testes.com,pwd123
Daniela Ribeiro,daniela.ribeiro63@testes.com,pwd123
Henrique Oliveira,henrique.oliveira64@testes.com,pwd123
Vitor Almeida,vitor.almeida65@testes.com,pwd123
Gustavo Freitas,gustavo.freitas66@testes.com,pwd123
Samuel Rodrigues,samuel.rodrigues67@testes.com,pwd123
Larissa Pereira,larissa.pereira68@testes.com,pwd123
Bruno Cardoso,bruno.cardoso69@testes.com,pwd123
Priscila Monteiro,priscila.monteiro70@testes.com,pwd123
Olivia Ribeiro,olivia.ribeiro71@testes.com,pwd123
Eduardo Campos,eduardo.campos72@testes.com,pwd123
Lucas Martins,lucas.martins73@testes.com,pwd123
Ana Freitas,ana.freitas74@testes.com,pwd123
Igor Nascimento,igor.nascimento75@testes.com,pwd123
Julia Nascimento,julia.nascimento76@testes.com,pwd123
Olivia Freitas,olivia.freitas77@testes.com,pwd123
Samuel Campos,samuel.campos78@testes.com,pwd123
Tatiana Souza,tatiana.souza79@testes.com,pwd123
Alexandre Nascimento,alexandre.nascimento80@testes.com,pwd123
Aline Gomes,aline.gomes81@testes.com,pwd123
Eduardo Campos,eduardo.campos82@testes.com,pwd123
Beatriz Monteiro,beatriz.monteiro83@testes.com,pwd123
Igor Souza,igor.souza84@testes.com,pwd123
Thiago Rodrigues,thiago.rodrigues85@testes.com,pwd123
Simone Alves,simone.alves86@testes.com,pwd123
Lucas Cavalcanti,lucas.cavalcanti87@testes.com,pwd123
Mariana Pinto,mariana.pinto88@testes.com,pwd123
Tatiana Costa,tatiana.costa89@testes.com,pwd123
Diego Almeida,diego.almeida90@testes.com,pwd123
Yasmin Dias,yasmin.dias91@testes.com,pwd123
Fabio Rodrigues,fabio.rodrigues92@testes.com,pwd123
Eduardo Moura,eduardo.moura93@testes.com,pwd123
Larissa Freitas,larissa.freitas94@testes.com,pwd123
Helena Campos,helena.campos95@testes.com,pwd123
Carlos Santos,carlos.santos96@testes.com,pwd123
Andre Cavalcanti,andre.cavalcanti97@testes.com,pwd123
Helena Carvalho,helena.carvalho98@testes.com,pwd123
Carlos Barbosa,carlos.barbosa99@testes.com,pwd123
Rafael Freitas,rafael.freitas100@testes.com,pwd123